"","logFC","AveExpr","t","P.Value","adj.P.Val","B","Symbol"
"1451593_PM_at",6.18198060067799,8.79146330929395,13.4501849749539,3.13966280246236e-05,0.99999893620778,-4.32576353663214,"H2-K1 /// H2-Q5"
"1431068_PM_at",1.90132186265436,6.02707579077841,9.4539275377816,0.000183436468232081,0.99999893620778,-4.33520049550953,"Rmnd5a"
"1417109_PM_at",2.20307160182155,6.98001489022941,8.08443559676086,0.000394908553804066,0.99999893620778,-4.34171629776173,"Tinagl1"
"1450915_PM_at",1.69457977050872,6.71043403652941,7.75611116998289,0.000482727143798815,0.99999893620778,-4.34375527994786,"Ap3b1"
"1438239_PM_at",3.11299883602457,6.97479934554916,7.52834951924157,0.000557304986002037,0.99999893620778,-4.34531072858978,"Mid1"
"1436193_PM_at",2.58035197802312,6.44968942173261,7.38536060347952,0.000611074836279488,0.99999893620778,-4.34635266885671,"Man1c1"
"1438164_PM_x_at",3.08318202948466,7.02076974625364,7.31285616978192,0.000640664321536371,0.99999893620778,-4.34690161059129,"Flot2"
"1427279_PM_at",1.86655681423218,6.87195319326076,6.79649095682926,0.000907959571489535,0.99999893620778,-4.35126101383896,"Clip4"
"1440862_PM_at",3.18086448333992,6.79868663820312,6.69313515019901,0.000976166695951585,0.99999893620778,-4.35223929486364,"---"
"1438133_PM_a_at",2.28503035135297,6.49106721937616,6.61742754190872,0.00102996200473638,0.99999893620778,-4.35298084015518,"Cyr61"
"1424072_PM_at",1.75523088662279,7.03134564175389,6.41804116953636,0.00118915084303473,0.99999893620778,-4.35504125317394,"2010107G23Rik"
"1418453_PM_a_at",2.13639642678233,6.77744122608282,6.14982013604274,0.0014511769465515,0.99999893620778,-4.35808202506758,"Atp1b1"
"1431054_PM_at",1.63736810225021,6.41972879424578,6.13262798183125,0.00147016403715586,0.99999893620778,-4.35828833891444,"Lsm6"
"1435639_PM_at",2.32735586815283,7.83834796081039,6.00601642490492,0.00161931695127555,0.99999893620778,-4.35985312173948,"2610528A11Rik"
"1417544_PM_a_at",2.00311271955642,6.5567240432977,5.95051001724729,0.00169024499977357,0.99999893620778,-4.36056519672823,"Flot2"
"1419358_PM_at",1.79230551545195,6.13494961500706,5.90210753496215,0.00175507607080792,0.99999893620778,-4.36119963493898,"Sorcs2"
"1452052_PM_s_at",1.5748782226282,6.51112917663342,5.89702437534313,0.00176205179885109,0.99999893620778,-4.36126700622515,"Eif3j1 /// Eif3j2"
"1431133_PM_at",1.82805696913463,6.12061938827562,5.76496406245748,0.00195516954288622,0.99999893620778,-4.36306846871512,"Arhgap18"
"1438278_PM_a_at",2.22386716424485,7.20924156274505,5.60985083729286,0.00221443582863066,0.99999893620778,-4.36531687695608,"Cwc22"
"1437478_PM_s_at",1.17888065031894,8.07241604059887,5.51118521661789,0.00240025044583168,0.99999893620778,-4.36682676631217,"Efhd2"
"1427364_PM_a_at",2.04339905491438,7.53118616727801,5.43579121762705,0.00255455661185507,0.99999893620778,-4.36802481094646,"Odc1"
"1442018_PM_at",1.5657466489006,6.15389943467011,5.33169616123027,0.0027870131478571,0.99999893620778,-4.36974520031214,"Btg1"
"1418674_PM_at",1.2135371799282,6.65725355478212,5.31740020495158,0.00282082484907295,0.99999893620778,-4.3699876870088,"Osmr"
"1455288_PM_at",1.58517355540264,6.90717381348688,5.31679352997623,0.00282227023968327,0.99999893620778,-4.36999801129688,"Leprel4"
"1439806_PM_at",1.45840550493608,6.0463378112567,5.30533036842274,0.0028497437038529,0.99999893620778,-4.37019361098328,"---"
"1451144_PM_at",1.65171591967331,7.36113711683566,5.21149778483506,0.00308672090103569,0.99999893620778,-4.3718326814706,"Brix1"
"1417394_PM_at",1.69015717831821,8.91821057201049,5.09152254775545,0.00342390889325978,0.99999893620778,-4.37403115200997,"Klf4"
"1440283_PM_at",1.34823611242747,6.09543312866326,5.04526768386158,0.00356520766573363,0.99999893620778,-4.37491103429252,"1810059H22Rik"
"1449145_PM_a_at",1.23413331181353,8.11664381586508,5.0181626952796,0.00365115142870463,0.99999893620778,-4.37543528932585,"Cav1"
"1449485_PM_at",1.0749512455254,6.25860619384666,4.90792314019323,0.00402639698368204,0.99999893620778,-4.37763564781906,"Ripk1"
"1430021_PM_a_at",1.14831599188854,7.76140891405606,4.81758475296378,0.00436751561959419,0.99999893620778,-4.37952384924967,"Sae1"
"1419499_PM_at",1.39638046812567,6.65366390465704,4.81706994635789,0.00436955330998657,0.99999893620778,-4.37953483730794,"Gpam"
"1416715_PM_at",1.92913220136486,7.88396940595236,4.7951396801245,0.00445738827008272,0.99999893620778,-4.38000536662536,"Gjb3"
"1416039_PM_x_at",1.67340419114386,6.70460994526545,4.77120535008629,0.00455559243906532,0.99999893620778,-4.38052440261464,"Cyr61"
"1424039_PM_at",1.08967655726515,8.58099748775213,4.66405705885169,0.00502709174228274,0.99999893620778,-4.38292052070011,"Tmem66"
"1454031_PM_at",2.82225555102493,6.95774722105145,4.58952906461822,0.00538840386809809,0.99999893620778,-4.38465980887112,"2310029O18Rik"
"1423142_PM_a_at",2.56331197431688,6.97793444442312,4.55200270819723,0.00558163811903391,0.99999893620778,-4.38555907572359,"Gtpbp4"
"1455899_PM_x_at",1.60224864197285,7.30109690402448,4.52168094462526,0.00574363201020487,0.99999893620778,-4.38629750114027,"Socs3"
"1456212_PM_x_at",1.86930575882173,7.51328659845661,4.4824934847625,0.0059610926402709,0.99999893620778,-4.3872677809931,"Socs3"
"1440554_PM_at",1.09936072488411,6.05642124322232,4.47111734528023,0.00602598980648632,0.99999893620778,-4.38755287289899,"---"
"1426762_PM_s_at",1.17673138339403,6.87008855838187,4.4642438848072,0.00606559539893165,0.99999893620778,-4.38772587901371,"Kdm1a"
"1420187_PM_at",1.3934060101811,6.27897462640713,4.40673063877265,0.00640901605216296,0.99999893620778,-4.38919606403719,"C76628"
"1442495_PM_at",2.551956698046,6.02330171058964,4.37701059703457,0.00659523032683836,0.99999893620778,-4.38997186452843,"Birc6"
"1417488_PM_at",1.0988867398033,6.88847821232357,4.36556563798684,0.00666859616989028,0.99999893620778,-4.39027359585143,"Fosl1"
"1419068_PM_at",1.09204510683657,7.34190184639623,4.35509986011392,0.00673650864857428,0.99999893620778,-4.3905509751538,"Rabgef1"
"1448914_PM_a_at",1.25345366530868,6.36965428515065,4.31369566947278,0.00701309938699712,0.99999893620778,-4.39166219269669,"Csf1"
"1435055_PM_a_at",1.19478970945481,7.34199621337592,4.29068788810366,0.00717243503890779,0.99999893620778,-4.39228938345397,"Tom1"
"1420148_PM_at",1.89049441692664,7.84246158654485,4.28302149819081,0.00722644886846814,0.99999893620778,-4.39249992903831,"Slc6a6"
"1418468_PM_at",1.27615493118236,6.19661894895686,4.26969578147577,0.00732145260776701,0.99999893620778,-4.39286777061837,"Anxa11 /// Gm2260 /// Gm2274"
"1420874_PM_at",1.54792106785368,7.25004453273566,4.26626035717221,0.007346177235259,0.99999893620778,-4.39296298864055,"Gm4887 /// Twf1"
"1453030_PM_at",1.48944652125474,7.11205209518774,4.26208931810745,0.0073763251644941,0.99999893620778,-4.39307880939138,"Msl2"
"1449189_PM_at",1.13331912450134,6.3809580387704,4.2174802011622,0.00770780860547884,0.99999893620778,-4.39433233290196,"Smim12"
"1417892_PM_a_at",1.02831704019993,6.14800484175486,4.21020347823483,0.00776348897117389,0.99999893620778,-4.39453940924172,"Sirt3"
"1423646_PM_at",1.29709178375019,6.9140154605577,4.20979624195969,0.00776661870461005,0.99999893620778,-4.39455101986487,"Zdhhc3"
"1460224_PM_at",1.1953995350904,6.56424863558727,4.17637504412191,0.00802847956807662,0.99999893620778,-4.39551180417585,"Snx2"
"1417744_PM_a_at",1.52349158832303,6.36809768743217,4.14408258597161,0.00829116581111143,0.99999893620778,-4.39645518959983,"Ralb"
"1452519_PM_a_at",1.67899229234407,8.04310083480718,4.1399263985001,0.0083256856933432,0.99999893620778,-4.39657769604004,"Zfp36"
"1428158_PM_at",1.45038746123316,7.07183949593335,4.1010345857414,0.00865682139285668,0.99999893620778,-4.39773625722423,"Akt1s1"
"1425196_PM_a_at",1.15309395929663,7.06254394992676,4.09792983990432,0.00868390049979984,0.99999893620778,-4.39782970375126,"Hint2"
"1431339_PM_a_at",1.17029298759949,7.12771554127641,4.05476724064401,0.00907059407748418,0.99999893620778,-4.39914371984151,"Efhd2"
"1426708_PM_at",1.9008863920631,6.78760347336028,4.04801486687222,0.00913285586865025,0.99999893620778,-4.39935182625553,"Antxr2"
"1452296_PM_at",1.8791356858467,6.31458480525972,4.02812610347722,0.00931910732936245,0.99999893620778,-4.39996883970427,"Slit3"
"1422698_PM_s_at",1.26243184634246,8.19292869354381,4.02668920818385,0.0093327309220846,0.99999893620778,-4.40001365207852,"Jarid2"
"1448123_PM_s_at",1.10047470561922,10.1485096526695,4.0094374162963,0.00949809235971065,0.99999893620778,-4.40055417577641,"Tgfbi"
"1432143_PM_a_at",1.33402913215019,6.41351381856163,3.99979930861385,0.00959193392965682,0.99999893620778,-4.40085816617992,"Hbp1"
"1437554_PM_at",1.17527704056307,9.03984576345107,3.97862378449434,0.00980185904899094,0.99999893620778,-4.40153116903789,"Plec"
"1436702_PM_at",1.60777835584374,7.00644264215979,3.97366760319888,0.00985174831128077,0.99999893620778,-4.40168970932321,"Nat8l"
"1428736_PM_at",1.43491624586543,6.24450213146745,3.97318985904271,0.00985657264135251,0.99999893620778,-4.40170501218567,"Gramd3"
"1450697_PM_at",1.64884816965474,6.76709961323368,3.95413174991251,0.0100512454847018,0.99999893620778,-4.40231843887345,"Slc30a7"
"1453004_PM_at",1.08908704758962,6.92003937893442,3.91104859253256,0.0105077416995943,0.99999893620778,-4.40372674524898,"Slc22a23"
"1448175_PM_at",1.29298449106194,7.11904700368754,3.89658514209563,0.0106662679639521,0.99999893620778,-4.40420633218311,"Ehd1"
"1437875_PM_at",1.10354935459329,8.82863018391498,3.84846510363646,0.0112136764874659,0.99999893620778,-4.40582702239994,"Bicd2"
"1446452_PM_at",1.32609321886481,6.40487685783062,3.82263270448415,0.011520724813901,0.99999893620778,-4.406713242581,"---"
"1417395_PM_at",1.2170296282392,8.92501817206643,3.80915721062116,0.0116846941076342,0.99999893620778,-4.40718009844817,"Klf4"
"1422853_PM_at",1.18555651553767,6.82783427766267,3.80653572225612,0.0117169004006768,0.99999893620778,-4.40727128531107,"Shc1"
"1448613_PM_at",1.56562575577284,6.81638211150004,3.7671001425515,0.0122137973698604,0.99999893620778,-4.4086575546534,"Ecm1"
"1425859_PM_a_at",1.13387815432558,7.22288610109345,3.7477948761701,0.0124657673195982,0.99999893620778,-4.40934623123512,"Psmd4"
"1420388_PM_at",1.1000949276034,6.52048674985019,3.74497782751211,0.0125030274262169,0.99999893620778,-4.40944728185437,"Prss12"
"1450049_PM_a_at",1.27180161549378,6.20377671738993,3.72224777487891,0.0128083493932378,0.99999893620778,-4.41026787579415,"Hira"
"1456080_PM_a_at",1.22246027855426,8.11266367921377,3.69417685245246,0.0131971821148005,0.99999893620778,-4.41129428189662,"Serinc3"
"1423266_PM_at",1.97587088373033,7.01439197249735,3.68838297517382,0.0132790982363449,0.99999893620778,-4.41150794004143,"Fam213b"
"1427932_PM_s_at",1.03462482510642,11.1061070541312,3.66347209300517,0.0136379428041661,0.99999893620778,-4.41243368356215,"1200003I10Rik /// 1200015M12Rik /// A130040M12Rik"
"1424378_PM_at",1.4369779390209,8.10300767667973,3.64350081107617,0.0139335968126124,0.99999893620778,-4.41318427557066,"Ldlrap1"
"1452848_PM_at",1.48048537242913,8.70852247694617,3.63340618672604,0.0140858010546711,0.99999893620778,-4.41356654469218,"Tmem181a"
"1427718_PM_a_at",1.09623918654525,6.98462077158732,3.63164482987057,0.014112551242887,0.99999893620778,-4.41363344385649,"Mdm2"
"1424070_PM_at",1.39774453788427,6.16373161231619,3.60829566200201,0.0144726628806693,0.99999893620778,-4.41452590689843,"Napg"
"1428057_PM_a_at",1.57814154566333,7.15083895808671,3.6002418306337,0.0145992850333125,0.99999893620778,-4.41483618452546,"Ahnak"
"1421279_PM_at",1.40238768078702,6.67711354081946,3.59313651150945,0.014712038386672,0.99999893620778,-4.41511096655392,"Lamc2"
"1448303_PM_at",1.35015790174609,6.01723698318087,3.58583733192263,0.0148288971961273,0.99999893620778,-4.41539427103468,"Gpnmb"
"1419360_PM_a_at",1.62213234062802,6.32165923427601,3.57440049125761,0.0150141212199043,0.99999893620778,-4.4158402704946,"Ss18"
"1421241_PM_at",1.70661340029795,6.12921379735287,3.57102189665511,0.0150693394646321,0.99999893620778,-4.41597251690287,"Ngfr"
"1436902_PM_x_at",1.21612908237644,8.38327328688172,3.56952730073189,0.015093839852537,0.99999893620778,-4.41603109085091,"Tmsb10"
"1422705_PM_at",1.35212961578982,6.50794340226233,3.56723089606921,0.015131572000253,0.99999893620778,-4.4161211740395,"Pmepa1"
"1422557_PM_s_at",1.02815769583982,10.5632443894934,3.56251463502379,0.0152094002895688,0.99999893620778,-4.41630651023311,"Mt1"
"1423986_PM_a_at",1.00230648653662,9.30475158108215,3.54241338083468,0.0155462372625341,0.99999893620778,-4.41710139120065,"Shisa5"
"1425154_PM_a_at",1.0097733390836,6.6954407740836,3.5365896139839,0.0156453984581445,0.99999893620778,-4.41733319343867,"Csf1"
"1448318_PM_at",1.88620154055681,7.33857246823584,3.52621347811362,0.0158238520821587,0.99999893620778,-4.41774788227908,"Plin2"
"1422803_PM_at",1.00546013326153,8.53564835791327,3.49765041552231,0.0163271071474129,0.99999893620778,-4.41890068914622,"Fstl3"
"1436297_PM_a_at",1.63878296936521,6.86472373872344,3.49197309400913,0.0164292789511443,0.99999893620778,-4.41913181037571,"Grina"
"1418296_PM_at",1.06208381825052,6.30339500459025,3.48809814703551,0.0164994294037677,0.99999893620778,-4.41928993802399,"Fxyd5"
"1428058_PM_at",1.05995463128549,6.00375881642468,3.46448482757514,0.0169343039433398,0.99999893620778,-4.42026024965086,"Ahnak"
"1421550_PM_a_at",1.18991285832525,6.09663131713378,3.46199528095584,0.0169809025068316,0.99999893620778,-4.42036322423773,"Trim34a /// Trim34b"
"1424308_PM_at",1.53621282876828,7.60915859047433,3.43962869661315,0.0174061109388433,0.99999893620778,-4.42129418966664,"Slc24a3"
"1439825_PM_at",1.45543312117486,6.09342426482055,3.42324577094423,0.0177251946950316,0.99999893620778,-4.42198279056179,"Dtx3l"
"1437711_PM_x_at",1.43792606754672,8.52015433237808,3.37777868604422,0.0186458618453456,0.99999893620778,-4.42392391883301,"Odc1"
"1436316_PM_at",1.4778602211104,7.69999011158296,3.36826072302945,0.0188453443469865,0.99999893620778,-4.42433593320615,"Klf13"
"1448306_PM_at",1.03615825293046,8.76469898879779,3.36054890566399,0.0190087366300018,0.99999893620778,-4.42467121589698,"Nfkbia"
"1451560_PM_at",1.01243514175882,7.36148955040705,3.3547471744332,0.0191327112455124,0.99999893620778,-4.42492431530386,"Prr12"
"1443893_PM_at",1.76619700777996,7.13098669868126,3.34312254650819,0.0193838618952699,0.99999893620778,-4.42543367011502,"---"
"1429107_PM_at",1.04001927904252,7.46444657474981,3.31245278459083,0.0200644803440282,0.99999893620778,-4.42679193240388,"Ubr3"
"1457682_PM_at",1.19201558953955,6.27658738545178,3.3052853215196,0.0202273883214489,0.99999893620778,-4.4271123924852,"Arhgap42"
"1455158_PM_at",1.19713177724856,8.13123945156437,3.28907664414108,0.0206013044173778,0.99999893620778,-4.42784136883403,"Itga3"
"1431270_PM_a_at",1.13706084269035,6.42092249193955,3.27621116667229,0.0209036295280678,0.99999893620778,-4.42842423657272,"Aste1"
"1417565_PM_at",1.1980592261174,7.0020183079713,3.27538734337673,0.0209231576225362,0.99999893620778,-4.42846168846153,"Abhd5"
"1449751_PM_at",2.15621098108092,7.17913058139953,3.26731984146308,0.021115478003351,0.99999893620778,-4.42882926747768,"Slc6a6"
"1421377_PM_at",2.46263371130606,6.53172897330502,3.24562888745908,0.0216424824029778,0.99999893620778,-4.42982500152635,"Traf6"
"1449703_PM_at",1.52922596751452,6.39823966694788,3.24084632055951,0.0217606560057271,0.99999893620778,-4.43004601312033,"Zfand2a"
"1425456_PM_a_at",1.00266970256245,9.11757014253536,3.23395312857241,0.0219322571525135,0.99999893620778,-4.43036549720906,"Map2k3"
"1448182_PM_a_at",1.68849423481529,9.19555748904335,3.22732325094507,0.0220987362996117,0.99999893620778,-4.43067382344926,"Cd24a"
"1421492_PM_at",2.74886417282505,6.6941190724285,3.22369897043551,0.0221903423035769,0.99999893620778,-4.43084280750404,"Hpgds"
"1424309_PM_a_at",1.81508834799873,7.88646583013402,3.20964116799584,0.0225497120019836,0.99999893620778,-4.43150117954548,"Mocs2"
"1442243_PM_at",1.08531890999847,6.45371825118957,3.20638332855835,0.022633922480788,0.99999893620778,-4.43165441930962,"Per3"
"1438635_PM_x_at",2.10150612534279,6.81369696951965,3.204629192151,0.0226794102951438,0.99999893620778,-4.43173703293412,"B930041F14Rik"
"1451961_PM_a_at",1.80728309976857,6.1677330249717,3.1980960026603,0.0228497306181245,0.99999893620778,-4.43204536403552,"Mbp"
"1438761_PM_a_at",1.696199481381,8.14949377101852,3.19653966940159,0.0228905152558446,0.99999893620778,-4.43211896379514,"Odc1"
"1445226_PM_at",1.90609248721653,6.4242884744415,3.18292339339664,0.0232508353698234,0.99999893620778,-4.43276534179387,"BC023969"
"1433462_PM_a_at",1.17965240252648,6.77142140275518,3.18193685904033,0.0232771872076004,0.99999893620778,-4.43281234535004,"Pi4k2a"
"1452418_PM_at",1.35922614534768,9.2365467330641,3.17669328721395,0.0234178133342675,0.99999893620778,-4.43306256676822,"BC057675 /// Gm20186"
"1430474_PM_a_at",1.10747470206614,7.99394297779193,3.17469793623133,0.0234715757649447,0.99999893620778,-4.43315795721451,"Mtch2"
"1416407_PM_at",1.16061841161033,6.55468331785884,3.16477966189996,0.0237408702161551,0.99999893620778,-4.43363353259271,"Pea15a"
"1448958_PM_at",1.16326549772183,6.11307332494114,3.14372156596014,0.0243241617064224,0.99999893620778,-4.43465112779845,"Tor1aip2"
"1444016_PM_at",1.88749235880238,6.92432199721726,3.14014983461062,0.0244246764771568,0.99999893620778,-4.43482479255552,"Anxa1"
"1451272_PM_a_at",1.55494429214239,6.24364449100469,3.1385692883591,0.0244693039334691,0.99999893620778,-4.4349017410654,"Ube2f"
"1437772_PM_s_at",1.72571344588798,8.20206622651185,3.12261263301527,0.0249249874586913,0.99999893620778,-4.43568200564161,"Fuca1"
"1416611_PM_at",1.00831212002483,7.69600111069984,3.11597085946723,0.0251174484484912,0.99999893620778,-4.4360086220117,"Scamp2"
"1460737_PM_at",1.21050875610748,7.31459828350111,3.0949727991485,0.0257369174761833,0.99999893620778,-4.43704838597088,"Igbp1"
"1454960_PM_at",1.13860795794407,7.13615054343798,3.08765121695324,0.0259569077141091,0.99999893620778,-4.43741350146875,"Smad3"
"1418632_PM_at",1.49124793832086,6.87541699919054,3.08638902548187,0.025995044148938,0.99999893620778,-4.43747657987765,"Ube2h"
"1438266_PM_at",1.07054958033207,6.10602165213199,3.08094591363618,0.0261602223098521,0.99999893620778,-4.43774905662159,"Adamtsl5"
"1424775_PM_at",1.38954655145317,7.29122730973347,3.07945506715721,0.0262056679336182,0.99999893620778,-4.4378238160876,"Oas1a"
"1451700_PM_a_at",1.21222549858548,7.67424752503088,3.077101500403,0.0262775912637017,0.99999893620778,-4.43794195044137,"Get4"
"1424575_PM_at",1.04659256456876,6.80281798196519,3.06519435651516,0.026644855103718,0.99999893620778,-4.43854174427721,"Ift22"
"1416210_PM_at",1.30740263191519,6.49371680354947,3.06183378351228,0.0267495413285976,0.99999893620778,-4.43871167018467,"Imp3"
"1427032_PM_at",1.21816811955168,6.60603001196442,3.06103138282726,0.0267746048937423,0.99999893620778,-4.43875228531982,"Herc4"
"1436559_PM_a_at",1.20658523329473,6.80726547914425,3.04531556929131,0.0272708129742163,0.99999893620778,-4.43955105366441,"Psmd10"
"1453604_PM_a_at",1.43985422623875,7.8499255031234,3.03352690990498,0.0276497502836576,0.99999893620778,-4.44015433532,"Hbs1l"
"1454995_PM_at",1.58251335540028,6.40967058917628,3.03060262233484,0.0277446542353671,0.99999893620778,-4.44030453322642,"Ddah1"
"1458491_PM_at",1.8914372980373,7.55355124149089,3.02417302601396,0.0279545959627196,0.99999893620778,-4.44063554017578,"Zfp949"
"1443078_PM_at",1.4255132984556,6.11296948655134,3.0234938889027,0.0279768744495468,0.99999893620778,-4.44067056513537,"6030439D06Rik"
"1423806_PM_at",1.57039276135926,7.25599245209262,3.02091352696037,0.0280617012281364,0.99999893620778,-4.44080374924412,"Ints4"
"1441967_PM_at",1.17629151775092,6.59235214761977,3.01820728858023,0.0281509736286514,0.99999893620778,-4.44094361389274,"Pddc1"
"1426918_PM_at",1.17709166513529,7.99005349906862,3.01459481005606,0.0282706334939545,0.99999893620778,-4.44113060823841,"Itgb1"
"1456610_PM_at",1.46325657416675,6.99797589098735,3.01357593579095,0.0283044849327967,0.99999893620778,-4.44118340933922,"Kdm6b"
"1439740_PM_s_at",1.06695571702565,6.76911617280245,2.99984492420137,0.0287651136073709,0.99999893620778,-4.44189760119211,"Uck2"
"1423079_PM_a_at",1.0218423919141,7.88165796280332,2.99802006332705,0.0288269564591164,0.99999893620778,-4.44199288442196,"Tomm20"
"1416713_PM_at",1.43671009386762,6.81501014148209,2.99657485426302,0.0288760381351634,0.99999893620778,-4.44206840570392,"Tppp3"
"1416148_PM_at",1.07505031745823,7.79065457142703,2.98523797739404,0.0292642947975628,0.99999893620778,-4.44266270861957,"Laptm4b"
"1450183_PM_a_at",1.39893562949518,6.63960450362879,2.97362945390922,0.029667874025577,0.99999893620778,-4.44327471824148,"Sh2b3"
"1453713_PM_s_at",1.18800701126048,6.44083621597836,2.96545308366657,0.0299558409670378,0.99999893620778,-4.44370789632863,"Spaca6"
"1417693_PM_a_at",1.67515851076713,7.43056345771612,2.96155482641944,0.030094226521084,0.99999893620778,-4.44391504019121,"Gab1"
"1447805_PM_s_at",2.0358493617156,6.42218674417933,2.95567733796723,0.0303042167010042,0.99999893620778,-4.44422811057219,"Slu7"
"1434657_PM_at",1.10927749712809,6.5317526150359,2.94666484273668,0.0306293788828848,0.99999893620778,-4.44470993801704,"Gls"
"1428150_PM_at",1.04887365812517,6.76476244866654,2.93914098034069,0.0309037977205588,0.99999893620778,-4.44511382367372,"Coro7"
"1450672_PM_a_at",1.4093189252967,7.38755250034668,2.93714045087254,0.0309772213293931,0.99999893620778,-4.44522146568656,"Atrip /// Trex1"
"1448484_PM_at",1.16463601853348,6.85897179448766,2.93199828887505,0.031166838391316,0.99999893620778,-4.44549863610506,"Amd1"
"1422706_PM_at",1.14811701750588,7.27480089026299,2.9289963732976,0.031278128473502,0.99999893620778,-4.44566076876481,"Pmepa1"
"1453802_PM_at",1.79254224269627,6.13199964702256,2.92711327290039,0.0313481654521812,0.99999893620778,-4.44576259688677,"Limch1"
"1427697_PM_a_at",1.52061967317045,6.5973458214881,2.91991643630395,0.0316174385444928,0.99999893620778,-4.44615263442691,"Trp73"
"1460220_PM_a_at",1.12283715357641,6.10699010056573,2.89629190829126,0.0325195287135091,0.99999893620778,-4.4474427235535,"Csf1"
"1422134_PM_at",3.51111985227233,7.38767937818512,2.89040569601685,0.0327486995343264,0.99999893620778,-4.44776649272098,"Fosb"
"1416906_PM_at",1.20540540093189,8.6795719814557,2.88835278962687,0.032829046156429,0.99999893620778,-4.44787963207341,"Anapc5"
"1457929_PM_at",1.05173737428891,6.20004876792226,2.87909249484078,0.033194195652694,0.99999893620778,-4.44839140008984,"Mdm2"
"1435640_PM_x_at",1.14619030259585,8.86093532405701,2.86910025550153,0.0335932520837499,0.99999893620778,-4.44894622683799,"A130040M12Rik"
"1438478_PM_a_at",1.25486257576383,7.21763821205696,2.86666456458581,0.0336913273167152,0.99999893620778,-4.44908188189278,"Ppp3ca"
"1451447_PM_at",1.00917257241895,6.51228540518007,2.85922630487077,0.0339927992227748,0.99999893620778,-4.44949715415463,"Cuedc1"
"1427927_PM_at",1.73711314056155,7.36892012022828,2.83234901545652,0.0351072231141394,0.99999893620778,-4.45101031363442,"Hscb"
"1448233_PM_at",1.537619238431,7.52803494081897,2.82125668908818,0.0355788519372654,0.99999893620778,-4.45164059262919,"Prnp"
"1444073_PM_at",1.65117273856379,6.69674602198031,2.79842968833415,0.0365715561946524,0.99999893620778,-4.45294837598342,"Maf"
"1424532_PM_at",1.32296329258114,6.47897701183301,2.79581569085149,0.0366871680223346,0.99999893620778,-4.45309905977848,"Ylpm1"
"1432543_PM_a_at",1.73004357324663,7.5988591873234,2.79230207185027,0.0368432028967826,0.99999893620778,-4.45330190267773,"Klf13"
"1423884_PM_at",1.28183209921822,6.90052025000106,2.77580667758727,0.0375855722224821,0.99999893620778,-4.4542588069658,"Cirh1a"
"1423696_PM_a_at",1.12763977734209,8.01969339788637,2.76712789730609,0.037982753901442,0.99999893620778,-4.45476533231613,"Psmd6"
"1428020_PM_at",1.46027713660964,6.22097572591111,2.76173930939925,0.0382316824514519,0.99999893620778,-4.45508089720751,"Rpf1"
"1416618_PM_at",1.22882584546551,6.41538957807142,2.75849621210244,0.0383823632431109,0.99999893620778,-4.45527121333583,"Ppox"
"1427457_PM_a_at",1.11194625704208,7.5915075359772,2.75499040707989,0.038545984605696,0.99999893620778,-4.45547728019102,"Bmp1"
"1428909_PM_at",1.5815736489987,8.57909741844913,2.75267276845062,0.0386545732430288,0.99999893620778,-4.45561369888384,"A130040M12Rik"
"1416786_PM_at",1.02254076520587,6.37037597167847,2.74907280644947,0.0388239099462397,0.99999893620778,-4.45582589792364,"Acvr1"
"1419458_PM_at",1.78594260523867,6.9586064174176,2.74850282856465,0.0388507954980393,0.99999893620778,-4.45585952880755,"Arhgef28"
"1433508_PM_at",1.09720176190524,6.20198166072846,2.74231167342351,0.0391441503307942,0.99999893620778,-4.45622542402681,"Klf6"
"1452288_PM_at",1.3629397746254,6.07342623258124,2.74115973866859,0.0391990003349804,0.99999893620778,-4.45629362297635,"Mtmr10"
"1439466_PM_s_at",1.82538918142864,6.75557010741864,2.74029393832906,0.0392402814548714,0.99999893620778,-4.45634490647364,"Bud31"
"1460357_PM_at",1.22145273843439,6.61698861788675,2.73686896383457,0.0394040518841633,0.99999893620778,-4.45654798493797,"Ythdf2"
"1440443_PM_at",1.30140024963811,6.10171798952474,2.72201998119471,0.0401228090786837,0.99999893620778,-4.4574322937456,"E030016H06Rik"
"1437502_PM_x_at",1.67221472251945,10.0710398329031,2.71529015410362,0.0404532900131172,0.99999893620778,-4.45783515034835,"Cd24a"
"1421038_PM_a_at",1.78980559338667,6.00778570971237,2.71014426325087,0.0407080029811353,0.99999893620778,-4.4581440645256,"Kcnn4"
"1450104_PM_at",1.0600734699821,7.23606380551844,2.70725020299673,0.0408520263370345,0.99999893620778,-4.45831813184132,"Adam10"
"1434173_PM_s_at",1.15529061081477,7.2242696962056,2.70420211477509,0.0410043191503163,0.99999893620778,-4.45850172311145,"D19Bwg1357e"
"1452316_PM_at",1.53405943698761,6.98750223395174,2.70315412658785,0.0410568238631584,0.99999893620778,-4.45856490672707,"Ints12"
"1460372_PM_at",1.44117153806932,6.88036082419634,2.69910074678095,0.0412605948596618,0.99999893620778,-4.45880958351491,"Duoxa1"
"1417426_PM_at",1.41972289576116,6.14135734657106,2.69782430761583,0.0413249930980132,0.99999893620778,-4.45888673179352,"Srgn"
"1417287_PM_at",1.09638265548463,7.62766038733235,2.69350742944214,0.0415436032902638,0.99999893620778,-4.45914799217356,"H13"
"1454714_PM_x_at",3.15601359376776,6.01139751239738,2.69203038721531,0.0416186925385002,0.99999893620778,-4.45923750692643,"Phgdh"
"1456565_PM_s_at",1.48978384820875,6.39017113417103,2.68696597476114,0.0418772858180497,0.99999893620778,-4.45954490812318,"Map3k12"
"1428298_PM_at",1.21366745450249,7.53692561325886,2.68449849412958,0.0420039145655272,0.99999893620778,-4.45969494794249,"Sh3d21"
"1439974_PM_at",1.37797366520432,6.82359276081574,2.68399207992084,0.0420299550763519,0.99999893620778,-4.45972576314443,"Fkbp15"
"1430829_PM_s_at",1.93837118773622,6.56292209770247,2.68384980701395,0.0420372741237581,0.99999893620778,-4.45973442175397,"Fto"
"1449556_PM_at",1.42557987605659,8.62657184516344,2.68196754643266,0.0421342360684773,0.99999893620778,-4.45984902956205,"C920025E04Rik /// H2-T23 /// LOC102641046"
"1460466_PM_at",1.16120782650693,7.00422936693663,2.67404380585339,0.0425451091363991,0.99999893620778,-4.46033261601935,"1700047I17Rik2 /// Fam177a /// LOC100503822"
"1432394_PM_a_at",1.2906293180562,7.04980382648127,2.6625022680607,0.0431514418027658,0.99999893620778,-4.46104024918994,"Aatf"
"1425068_PM_a_at",1.01068270372797,6.73081235546335,2.65577531841357,0.0435091957622597,0.99999893620778,-4.46145447414479,"Tex264"
"1416768_PM_at",1.07144299732305,6.27630005710003,2.65498439536636,0.0435514713750443,0.99999893620778,-4.46150326318334,"Smim14"
"1437745_PM_at",1.07872565950234,8.42146350440166,2.65207457015976,0.0437073912678914,0.99999893620778,-4.46168291589719,"Chd7"
"1416194_PM_at",1.29271719561177,6.12389885779892,2.65015632562697,0.0438105119720328,0.99999893620778,-4.46180148317424,"Cyp4b1"
"1450102_PM_a_at",1.17492330437232,6.91248848809358,2.64826084411095,0.0439126701957738,0.99999893620778,-4.46191874873035,"Amfr"
"1428587_PM_at",1.2655986205084,6.4100120971068,2.64157716102282,0.0442749738352319,0.99999893620778,-4.46233307613932,"Tmem41b"
"1448656_PM_at",1.52091065482804,6.62826761123102,2.63621066781499,0.0445682398394442,0.99999893620778,-4.46266669341,"Cacnb3"
"1418449_PM_at",1.2644989083746,9.01248623335629,2.61638649551043,0.0456701090707194,0.99999893620778,-4.46390640312874,"Lad1"
"1433656_PM_a_at",1.09251307041059,8.14491382098408,2.61191130828415,0.0459229396522134,0.99999893620778,-4.46418785480603,"Gnl3"
"1440312_PM_at",1.58966406519569,7.9134174541698,2.60847377041704,0.0461181834850807,0.99999893620778,-4.46440444680176,"Elovl7"
"1423306_PM_at",1.76450761789967,6.14690700284035,2.60614037770493,0.0462512300737281,0.99999893620778,-4.46455166699867,"Smim3"
"1431822_PM_a_at",1.48865694264317,6.40960974283499,2.60483828085103,0.0463256555294278,0.99999893620778,-4.46463388954963,"Azi2"
"1453622_PM_s_at",1.49216937703558,6.15156431318686,2.60116269007398,0.0465364506755656,0.99999893620778,-4.46486625875951,"Mllt3"
"1433467_PM_at",1.6823719352843,6.53044311175611,2.59423770618752,0.0469364435531821,0.99999893620778,-4.46530513496955,"Slc7a6"
"1457767_PM_at",1.34471290055893,6.8625490168169,2.58644922025271,0.0473907924958895,0.99999893620778,-4.4658004273514,"---"
"1460248_PM_at",1.24855822590724,6.28218602079225,2.58626067637225,0.047401850587516,0.99999893620778,-4.46581243962133,"Cpxm2"
"1448774_PM_at",1.00452752731658,7.82686248401424,2.58445442047542,0.0475079298989353,0.99999893620778,-4.46592757078398,"Stoml2"
"1438809_PM_at",1.06281359361971,6.7542062311982,2.58344600561381,0.047567265320292,0.99999893620778,-4.46599188934548,"Atp5c1"
"1422738_PM_at",2.34573567501982,8.01535732137948,2.58324101466983,0.0475793369094111,0.99999893620778,-4.46600496772497,"Ddr2"
"1454312_PM_at",1.54301659315369,6.7980681049899,2.58261592680566,0.0476161679265996,0.99999893620778,-4.46604485587514,"---"
"1424641_PM_a_at",1.32506691598958,6.2794834968925,2.58066701924356,0.0477311995194113,0.99999893620778,-4.466169293914,"Thoc1"
"1454892_PM_at",1.08275360495438,7.29073639576086,2.57784607257548,0.0478982380478639,0.99999893620778,-4.46634961091711,"Pitpnb"
"1427037_PM_at",1.09678553665426,7.19083644400552,2.57552971663816,0.0480358735377785,0.99999893620778,-4.46649785030669,"Eif4g1"
"1453300_PM_at",1.25312329690813,6.80325924013941,2.5707970434021,0.0483184236319456,0.99999893620778,-4.46680122060085,"Slc35d2"
"1448689_PM_at",1.73041631073013,7.16010823774719,2.57016089529645,0.0483565405770241,0.99999893620778,-4.46684204912487,"Rras2"
"1437296_PM_at",1.24840669168605,7.29494821663195,2.56939038782558,0.0484027519129248,0.99999893620778,-4.46689151702106,"Pkn2"
"1445654_PM_at",1.57049735656167,7.30768911134939,2.5687383556637,0.0484418951880927,0.99999893620778,-4.46693339235819,"---"
"1433824_PM_x_at",1.79525713541816,6.40214211746998,2.56439963019376,0.0487032389876531,0.99999893620778,-4.46721235880693,"Grsf1"
"1429079_PM_a_at",1.20578096015886,7.49449828479471,2.5635249561048,0.048756110569676,0.99999893620778,-4.46726866530071,"2310045N01Rik /// Mef2b"
"1451450_PM_at",2.03224831942936,6.55994318335589,2.54645455924242,0.0498005560281903,0.99999893620778,-4.46837211332665,"Fam210b"
"1430889_PM_a_at",1.15592792688978,6.07206374728257,2.54639748147058,0.0498040888192349,0.99999893620778,-4.46837581744239,"Tpmt"
"1435842_PM_at",1.75911139646557,7.73612431646378,2.54619990904679,0.0498163195357679,0.99999893620778,-4.46838863984044,"Nat8l"
"1456383_PM_at",1.45644603432496,6.77089964552896,2.54542264007494,0.0498644680212713,0.99999893620778,-4.46843909568137,"Rsl1d1"
